Kamui Kobayashi,13,9,1986
Thomas Muller,13,9,1989
David Beckham,2,5,1975
Diego Maradona,30,10,1960
Ronaldinho,21,5,1980
Ronaldo,18,9,1976
Cristiano Ronaldo,5,2,1985
Donald Trump,14,6,1946
Barack Obama,4,8,1961
Orange White,28,7,1888
Robert Downey Jr,4,4,1965
Ricky Martin,24,12,1971
Will Smith,25,9,1968
Mariah Carey,27,3,1971
Serena Williams,26,9,1981
Panipak Wongpattanakit,8,8,1997
Roger Federer,8,8,1981
Naomi Osaka,16,10,1997
Lance Armstrong,18,9,1971
Tom Holland,1,6,1996
Agatha Christie,15,9,1890
Anucha "Jabz" Jirawong,22,9,1998