Book,Dream Chaser (P),Sherrilyn Kenyon,2008,384,171.0
Book,Minecraft รวมฮิตสารพัด Mod Seed และ Map,ภานุมาศ สุวรรณ์,2019,339,299.0
Book,Game Design Theory ออกแบบเกมให้โดนใจ,กิตติ์ธเนศ เพชรไวกูณฐ์,2015,136,137.0
Book,คู่มือเขียนโปรแกรมด้วยภาษา Java ฉบับสมบูรณ์,อรพิน ประวัติบริสุทธิ์,2021,384,325.0
Book,สร้างการเรียนรู้สำหรับ AI ด้วย Python Machine Learning,บัญชา ปะสีละเตสัง,2021,388,330.0
Book,การพัฒนาแอปพลิเคชั่นด้วยภาษา Java,ประยงค์ อู่ประสิทธิ์วงศ์,2018,520,415.0
Book,Devil May Cry 1ED (P),Sherrilyn Kenyon,2008,365,320.0
Book,Ring (P),Koji Suzuki,2004,286,399.0
Book,Spiral (P),Koji Suzuki,2005,286,399.0
Book,พัฒนาเว็บแอปพลิเคชั่นด้วย JavaScript,จตุรพัชร์ พัฒนทรงศิวิไล,2016,460,290.0
Book,จักรวาลในเปลือกนัท : The Universe in a Nutshell,Stephen Hawking (สตีเฟน ฮอว์คิง),2013,230,329.0
Book,พัฒนา Web Application ด้วย JavaScript และ Node.js,บัญชา ปะสีละเตสัง,2021,428,320.0
Book,ราตรีที่ไร้กาล : Time Untime,Sherrilyn Kenyon,2020,334,295.0
Book,แฮร์รี่ พอตเตอร์ กับเครื่องรางยมทูต เล่ม 7 ฉบับปี 2020,J.K. Rowling (เจ.เค. โรว์ลิ่ง),2020,720,595.0
Book,สัตว์มหัศจรรย์ อาชญากรรมของกรินเดลวัลด์ ต้นฉบับบทภาพยนตร์,J.K. Rowling (เจ.เค. โรว์ลิ่ง),2019,288,395.0
Book,George's Secret Key to the Universe 1Ed.(H),Lucy Hawking & Stephen Hawking,2007,298,650.0
Book,คำตอบย่อของคำถามใหญ่,Stephen Hawking (สตีเฟน ฮอว์คิง),2019,256,329.0
Book,The Dark Tower VI Song of Susannah,Stephen King,2004,560,365.0
Book,ชนะปีศาจร้ายด้วยปัญญา : Outwitting the Devil,Napoleon Hill (นโปเลียน ฮิลล์),2012,312,285.0
Book,The Last Resignment,ภาณุมาศ ทองธนากุล (ใบพัด),2010,304,220.0
Book,เพื่อนร่วมงานของคุณเป็นลิงแบบไหน,Team GATHER Project (ทีมเกเทอร์โปรเจกต์),2017,200,195.0
Book,(รักคือ) สิ่งที่เรา (ไม่) เคยเข้าใจ,โย่ง อาร์มแชร์ & สุธาสินี เลิศวัชระสารกุล,2019,240,250.0
Book,Cryptocurrency 101 Plus (ฉบับปรับปรุง),พรศักดิ์ อุรัจฉัทชัยรัตน์,2021,170,245.0